country,code,year,population,gdp,gdp_per_capita,export_value,trade_share_gdp,ghg_emission,coal_emission,electricity_rate,internet_user,,,,,,,,,,
Brunei,BRN,2000,326390,6001280944,100323.44,,87.055336,38.587013,53287,100,9.00,,,,,,,,,,
Brunei,BRN,2001,333313,5601020247,99680.766,,91.099785,38.964687,51896,100,12.92,,,,,,,,,,
Brunei,BRN,2002,340059,5843367180,101571.586,,93.21618,35.34161,46699,100,15.33,,,,,,,,,,
Brunei,BRN,2003,346597,6557395816,103226.914,,89.08562,38.76989,55979,100,19.60,,,,,,,,,,
Brunei,BRN,2004,352872,7872201251,101497.76,,84.882164,36.23895,56406,100,29.72,,,,,,,,,,
Brunei,BRN,2005,358878,9531417164,99795.69,6247896,81.62012,34.909077,54285,100,36.47,,,,,,,,,,
Brunei,BRN,2006,364613,11470462365,102248.51,7624295,81.57095,41.740593,71437,100,42.19,,,,,,,,,,
Brunei,BRN,2007,370837,12247680703,96752.62,7693279,81.01141,43.594265,80767,100,44.68,,,,,,,,,,
Brunei,BRN,2008,377755,14393437610,91275.5,10569069,89.74542,50.07384,91656,100,46.00,,,,,,,,,,
Brunei,BRN,2009,384917,10732592999,87875.83,7171066,90.28709,42.80541,77449,100,49.00,,,,,,,,,,
Brunei,BRN,2010,392284,13707275498,88586.516,8897560,95.371544,40.922516,80174,100,53.00,,,,,,,,,,
Brunei,BRN,2011,399337,18525128230,90279.664,12451283,99.53793,45.242786,95554,100,56.00,,,,,,,,,,
Brunei,BRN,2012,405519,19048443089,89718.46,13000828,105.6409,43.1913,94998,100,60.27,,,,,,,,,,
Brunei,BRN,2013,411153,18094326393,86606.65,11447187,110.9396,36.235374,76261,100,64.50,,,,,,,,,,
Brunei,BRN,2014,416708,17097801092,83310.62,10508833,102.421,40.475533,88310,100,68.77,,,,,,,,,,
Brunei,BRN,2015,422176,12930292949,81910.19,6341863,89.89619,33.247585,69333,100,71.20,,,,,,,,,,
Brunei,BRN,2016,427520,11400467372,78880.625,4703523,87.3198,33.788296,76329,100,90.00,,,,,,,,,,
Brunei,BRN,2017,432743,12128182464,78966.87,5586316,85.17686,37.468685,93094,100,94.87,,,,,,,,,,
Brunei,BRN,2018,437775,13567164445,78099.05,6506565,93.89806,37.362404,93445,100,95.00,,,,,,,,,,
Brunei,BRN,2019,442636,13469240163,80228.16,7249807,108.50966,37.957005,107328,100,95.00,,,,,,,,,,
Brunei,BRN,2020,447365,12005795915,80280.9,6614320,110.291,38.83257,111569,100,95.05,,,,,,,,,,
Brunei,BRN,2021,451676,14006497000,78248.8,10575072,147.12311,38.90151,117127,100,95.62,,,,,,,,,,
Brunei,BRN,2022,455326,16681531646,76357.83,14238438,146.97397,37.544945,113544,100,98.97,,,,,,,,,,
Cambodia,CAM,2000,5431174,3654031716,1922.0317,,110.397125,4.467367,20005,16.6,0.05,,,,,,,,,,
Cambodia,CAM,2001,5521433,3984000517,2032.0809,,111.77174,4.369023,22350,9.5,0.08,,,,,,,,,,
Cambodia,CAM,2002,5610839,4284028483,2126.3416,,118.26956,4.2280602,21508,13.1,0.23,,,,,,,,,,
Cambodia,CAM,2003,5697899,4658246918,2309.8394,,120.07497,4.473392,22534,19.3,0.26,,,,,,,,,,
Cambodia,CAM,2004,5781583,5337833248,2491.3093,,131.35149,4.4553213,22424,14.2,0.30,,,,,,,,,,
Cambodia,CAM,2005,5869478,6293046162,2781.8904,3018613,133.55197,3.6620932,22094,20.5,0.32,,,,,,,,,,
Cambodia,CAM,2006,5963146,7274595707,3041.1047,3566413,140.34874,3.333808,28469,27.5,0.47,,,,,,,,,,
Cambodia,CAM,2007,6056193,8639235913,3308.1575,3531237,133.70003,3.2536507,47677,20.2,0.49,,,,,,,,,,
Cambodia,CAM,2008,6148930,10351914178,3501.9258,4358188,130.39351,3.2278888,58624,26.4,0.51,,,,,,,,,,
Cambodia,CAM,2009,6241592,10401851767,3587.609,4992010,102.28795,3.6195912,84272,25.6,0.53,,,,,,,,,,
Cambodia,CAM,2010,6334146,11242275289,3711.5376,5590104,109.9984,3.889794,98928,31.1,1.26,,,,,,,,,,
Cambodia,CAM,2011,6426537,12829541141,3921.979,6704137,109.790504,4.5502367,131992,37.4,3.10,,,,,,,,,,
Cambodia,CAM,2012,6518933,14054443213,4159.1636,5796274,116.740234,4.7631125,197856,42.3,4.94,,,,,,,,,,
Cambodia,CAM,2013,6611342,15227991395,4419.399,6665903,124.88755,4.929661,1091872,50.9,6.00,,,,,,,,,,
Cambodia,CAM,2014,6703118,16702610842,4702.7305,6846019,124.45491,5.292835,1931789,56.1,14.00,,,,,,,,,,
Cambodia,CAM,2015,6801606,18049954289,4968.5728,8542434,122.1096,5.284401,2681072,62.7,6.43,,,,,,,,,,
Cambodia,CAM,2016,6908756,20016747858,5283.7295,9982663,122.70456,5.450097,3164655,68.8,32.40,,,,,,,,,,
Cambodia,CAM,2017,7018100,22177200589,5632.0312,11268954,121.15545,5.304269,3363552,89.1,32.90,,,,,,,,,,
Cambodia,CAM,2018,7127997,24571753582,6050.591,12707908,118.43765,5.3413253,4489395,80.7,52.31,,,,,,,,,,
Cambodia,CAM,2019,7237589,27089390033,6448.885,14824722,115.73668,5.4879684,4367488,84,53.65,,,,,,,,,,
Cambodia,CAM,2020,7346484,25872797892,6128.782,17716469,122.1054,5.1658597,3923284,86.4,55.60,,,,,,,,,,
Cambodia,CAM,2021,7453143,26961061152,6225.5327,17571783,146.17984,5.1235056,4079856,82.5,56.73,,,,,,,,,,
Cambodia,CAM,2022,7558961,29956769529,6456.7383,20575773,145.87363,4.7385397,196086,92.3,,,,,,,,,,,
East Timor,TLS,2000,745056,367087900,3783.8826,,175.64847,4.24369,2199,17.8,,,,,,,,,,,
East Timor,TLS,2001,812199,477443500,4038.5696,,166.69638,3.99487,1188,25.6,,,,,,,,,,,
East Timor,TLS,2002,879125,469506700,3481.0798,,180.40375,4.0291786,2619,24.1,0.00,,,,,,,,,,
East Timor,TLS,2003,916831,490439100,3265.032,,122.311966,4.1041293,2485,27.7,0.00,,,,,,,,,,
East Timor,TLS,2004,929035,440764600,3235.0605,,107.33082,4.303381,4970,30.4,0.00,,,,,,,,,,
East Timor,TLS,2005,948260,462283600,3264.03,,74.67125,4.127156,3211,33.5,0.10,,,,,,,,,,
East Timor,TLS,2006,976564,453805100,3039.032,,98.87572,5.573637,3167,36.7,0.50,,,,,,,,,,
East Timor,TLS,2007,1004855,542795400,3256.6553,,128.7609,6.1355457,2881,36.6,1.00,,,,,,,,,,
East Timor,TLS,2008,1032385,648492700,3530.9749,,135.25076,6.1503057,2851,43.1,1.50,,,,,,,,,,
East Timor,TLS,2009,1058738,726882400,3792.4578,,157.68645,5.571788,3218,46.3,2.00,,,,,,,,,,
East Timor,TLS,2010,1084635,881827800,4047.3562,,134.40053,5.4419684,3131,38,3.00,,,,,,,,,,
East Timor,TLS,2011,1110159,1042411500,4189.9097,,140.76634,5.4214845,4339,52.7,4.00,,,,,,,,,,
East Timor,TLS,2012,1134845,1160389600,4298.0273,,128.50049,5.582721,5913,56,7.00,,,,,,,,,,
East Timor,TLS,2013,1158649,1395519600,4340.392,,79.634125,5.3890796,6187,59.2,11.00,,,,,,,,,,
East Timor,TLS,2014,1181877,1447310400,4445.4756,,82.73578,4.655054,6243,62.4,17.50,,,,,,,,,,
East Timor,TLS,2015,1205091,1594447600,4467.917,,60.07692,4.5261374,5896,67.3,18.60,,,,,,,,,,
East Timor,TLS,2016,1228264,1650619400,4515.541,,60.310623,4.1021605,6430,76.5,21.20,,,,,,,,,,
East Timor,TLS,2017,1251661,1595724300,4290.1396,24174,58.63475,4.463899,6897,79.5,24.20,,,,,,,,,,
East Timor,TLS,2018,1275908,1563887900,4188.9507,23092,64.81918,4.008817,6170,85.2,27.60,,,,,,,,,,
East Timor,TLS,2019,1300903,2028551600,5103.283,141448,70.61424,4.1898437,6754,90.6,28.00,,,,,,,,,,
East Timor,TLS,2020,1326002,2158392500,6595.0547,249889,84.75031,3.9793115,6465,96,32.01,,,,,,,,,,
East Timor,TLS,2021,1350102,3621222400,6824.7925,458303,99.867424,3.7232902,6202,100,35.54,,,,,,,,,,
East Timor,TLS,2022,1369250,3163324631,5344.1367,471774,97.62192,3.5535326,6493,99.7,40.75,,,,,,,,,,
Indonesia,IDN,2000,216077748,1.65E+11,6056.382,,71.436874,6.4188614,50906012,86.3,0.93,,,,,,,,,,
Indonesia,IDN,2001,219097854,1.60E+11,6190.5195,,69.793205,6.2689776,64628564,86.3,2.02,,,,,,,,,,
Indonesia,IDN,2002,222088455,1.96E+11,6381.9497,,59.07946,7.150639,66665224,87.6,2.13,,,,,,,,,,
Indonesia,IDN,2003,225047958,2.35E+11,6599.092,,53.616493,5.73025,89489690,87.9,2.39,,,,,,,,,,
Indonesia,IDN,2004,227926604,2.57E+11,6843.5464,,59.761295,6.075588,82216104,89,2.60,,,,,,,,,,
Indonesia,IDN,2005,230871600,2.86E+11,7140.8545,85659948,63.987934,5.7035794,94222090,84.8,3.60,,,,,,,,,,
Indonesia,IDN,2006,233951608,3.65E+11,7434.488,100798616,56.657127,8.091686,111640520,90.6,4.76,,,,,,,,,,
Indonesia,IDN,2007,237062283,4.32E+11,7802.464,114100873,54.82925,5.423312,140066000,91.1,5.79,,,,,,,,,,
Indonesia,IDN,2008,240157845,5.10E+11,8165.0615,137020424,58.5614,5.504883,121844540,92.7,7.92,,,,,,,,,,
Indonesia,IDN,2009,243219975,5.40E+11,8435.456,116509992,45.512123,7.012167,128274200,93.6,6.92,,,,,,,,,,
Indonesia,IDN,2010,246305285,7.55E+11,8848.225,157779103,46.701275,6.3433805,152666690,94.2,10.92,,,,,,,,,,
Indonesia,IDN,2011,249469983,8.93E+11,9274.97,203496619,50.18001,7.104335,181281000,94.8,12.28,,,,,,,,,,
Indonesia,IDN,2012,252698471,9.18E+11,9708.612,190031839,49.582897,7.3145576,187171330,96,14.52,,,,,,,,,,
Indonesia,IDN,2013,255852410,9.13E+11,10121.814,182551754,48.63737,7.048932,164219220,96.5,14.94,,,,,,,,,,
Indonesia,IDN,2014,258877350,8.91E+11,10504.387,176036194,48.080177,8.044547,173584300,97,17.14,,,,,,,,,,
Indonesia,IDN,2015,261799196,8.61E+11,10893.662,150282258,41.93764,9.547905,197815250,97.5,22.06,,,,,,,,,,
Indonesia,IDN,2016,264627382,9.32E+11,11319.663,144494206,37.42134,6.555353,206327900,97.6,25.45,,,,,,,,,,
Indonesia,IDN,2017,267346608,1.02E+12,11772.574,168810637,39.355495,6.4125614,221093260,98.1,32.34,,,,,,,,,,
Indonesia,IDN,2018,269951801,1.04E+12,12262.231,180215036,43.07431,6.603734,262222140,98.5,39.90,,,,,,,,,,
Indonesia,IDN,2019,272489333,1.12E+12,12757.785,167682996,37.627777,7.7212853,315400700,98.9,47.69,,,,,,,,,,
Indonesia,IDN,2020,274814825,1.06E+12,12388.545,163306490,32.972176,6.1219225,300517860,97,53.73,,,,,,,,,,
Indonesia,IDN,2021,276758010,1.19E+12,12757.074,231587887,40.204758,5.9568644,303153570,99.2,62.10,,,,,,,,,,
Indonesia,IDN,2022,278830479,1.32E+12,13334.294,291979103,45.4659,6.5167317,404572740,100,66.48,,,,,,,,,,
Laos,LAO,2000,5431174,1731198022,2899.0195,,68.8373,7.746381,40304,42.6,0.11,,,,,,,,,,
Laos,LAO,2001,5521433,1768619058,3015.6326,,65.89944,7.662624,51473,45.3,0.18,,,,,,,,,,
Laos,LAO,2002,5610839,1758176653,3143.2234,,67.254906,7.860601,80608,46.3,0.27,,,,,,,,,,
Laos,LAO,2003,5697899,2023324407,3282.9854,,60.572098,8.167345,102288,48,0.33,,,,,,,,,,
Laos,LAO,2004,5781583,2366398120,3441.17,,66.07975,8.837034,120912,53.5,0.36,,,,,,,,,,
Laos,LAO,2005,5869478,2735558735,3630.5588,,71.79265,9.081544,135568,57.2,0.85,,,,,,,,,,
Laos,LAO,2006,5963146,3455031448,3881.5374,,81.96137,8.451462,186864,57,1.17,,,,,,,,,,
Laos,LAO,2007,6056193,4223152219,4112.253,,79.21263,9.368421,212933,55,1.64,,,,,,,,,,
Laos,LAO,2008,6148930,5446434032,4367.163,,81.84918,9.682934,296784,66,3.55,,,,,,,,,,
Laos,LAO,2009,6241592,5836138127,4625.072,,76.930824,10.773517,352221,67.4,6.00,,,,,,,,,,
Laos,LAO,2010,6334146,7131773633,4946.1055,1908745,84.72034,10.747513,637536,70.2,7.00,,,,,,,,,,
Laos,LAO,2011,6426537,8750107402,5266.879,1898022,91.69869,9.863442,751120,70,9.00,,,,,,,,,,
Laos,LAO,2012,6518933,10192848926,5608.9697,1597135,98.18513,9.151889,784096,76.4,10.75,,,,,,,,,,
Laos,LAO,2013,6611342,11983252627,5974.4736,2987772,98.179146,8.412091,1135840,79.3,12.50,,,,,,,,,,
Laos,LAO,2014,6703118,13279248479,6341.2124,2572201,99.05974,8.712955,1189831,82.5,14.26,,,,,,,,,,
Laos,LAO,2015,6801606,14426381187,6703.741,2985095,85.798325,8.361745,5149553,89.7,18.20,,,,,,,,,,
Laos,LAO,2016,6908756,15912495369,7063.2554,3124169,75.09189,8.643206,12014256,89,21.87,,,,,,,,,,
Laos,LAO,2017,7018100,17071162084,7432.4595,4909734,,8.388051,14971989,93.6,25.51,,,,,,,,,,
Laos,LAO,2018,7127997,18141651381,7775.086,5814806,,7.7598825,15417187,92.9,36.30,,,,,,,,,,
Laos,LAO,2019,7237589,18740559554,8075.275,5809350,,6.843542,13752024,98.4,47.03,,,,,,,,,,
Laos,LAO,2020,7346484,18981800705,7995.595,6132785,,6.7401404,13868240,99.3,54.00,,,,,,,,,,
Laos,LAO,2021,7453143,18827148530,8080.4355,7164608,,6.706475,14022128,100,62.00,,,,,,,,,,
Laos,LAO,2022,7558961,15724383783,8183.0327,10241242,,6.34593,14578534,100,66.15,,,,,,,,,,
Malaysia,MYS,2000,22967760,93789736842,18532.91,,220.40678,10.350306,7873705,98.6,21.38,,,,,,,,,,
Malaysia,MYS,2001,23526494,92783947368,18186.441,,203.36464,11.639602,9929712,98.6,26.70,,,,,,,,,,
Malaysia,MYS,2002,24102434,1.01E+11,18708.87,,199.35623,11.394626,12545536,98.6,32.34,,,,,,,,,,
Malaysia,MYS,2003,24679556,1.10E+11,19329.006,,194.19513,12.335127,18213744,98.7,34.97,,,,,,,,,,
Malaysia,MYS,2004,25256718,1.25E+11,20168.506,,210.37427,12.1522,31719248,98.7,42.25,,,,,,,,,,
Malaysia,MYS,2005,25836027,1.44E+11,20767.586,141624046,203.85464,11.814676,26109664,98.7,48.63,,,,,,,,,,
Malaysia,MYS,2006,26417859,1.63E+11,21444.486,160669231,202.57715,11.944219,26626288,98.8,51.64,,,,,,,,,,
Malaysia,MYS,2007,26998333,1.94E+11,22305.12,175961863,192.4655,12.349806,29934278,98.9,55.70,,,,,,,,,,
Malaysia,MYS,2008,27569998,2.31E+11,22898.002,198702475,176.66832,13.010284,38036676,99,55.80,,,,,,,,,,
Malaysia,MYS,2009,28124726,2.02E+11,22106.643,157194832,162.55898,13.662794,46591424,99.3,55.90,,,,,,,,,,
Malaysia,MYS,2010,28655721,2.55E+11,23307.97,198790691,157.94476,14.301108,55337390,99.5,56.30,,,,,,,,,,
Malaysia,MYS,2011,29161977,2.98E+11,24115.818,226992682,154.93768,15.48903,55543510,99.5,61.00,,,,,,,,,,
Malaysia,MYS,2012,29662784,3.14E+11,25006.36,227449500,147.84175,15.39799,59869760,99.8,65.80,,,,,,,,,,
Malaysia,MYS,2013,30174221,3.23E+11,25736.354,228316107,142.721,15.6847,57989252,99.6,57.06,,,,,,,,,,
Malaysia,MYS,2014,30696080,3.38E+11,26818.432,234134977,138.31223,18.644121,57866416,99.7,63.67,,,,,,,,,,
Malaysia,MYS,2015,31232744,3.01E+11,27699.627,200890906,131.37007,15.020117,66750756,99.9,71.06,,,,,,,,,,
Malaysia,MYS,2016,31789641,3.01E+11,28425.371,189863395,126.89901,13.700554,71521280,99.9,78.79,,,,,,,,,,
Malaysia,MYS,2017,32355608,3.19E+11,29551.545,217715510,133.15517,12.722349,78956710,100,80.14,,,,,,,,,,
Malaysia,MYS,2018,32910918,3.59E+11,30459.965,247489373,130.40262,12.548436,84585940,100,81.20,,,,,,,,,,
Malaysia,MYS,2019,33440538,3.65E+11,31300.508,238161125,123.028564,12.343062,80135340,100,84.19,,,,,,,,,,
Malaysia,MYS,2020,33889515,3.37E+11,29200.453,233553703,116.788185,11.552749,94069540,100,89.56,,,,,,,,,,
Malaysia,MYS,2021,34282367,3.73E+11,29822.85,299288393,134.036,11.641628,86460590,100,96.75,,,,,,,,,,
Malaysia,MYS,2022,34695445,4.06E+11,32079.152,353149561,146.50542,11.94024,85388700,100,97.40,,,,,,,,,,
Myanmar,MMR,2000,45290803,6849321646,1359.9304,,,4.5883937,1359344,41.9,,,,,,,,,,,
Myanmar,MMR,2001,45771087,6220270632,1498.3116,,,4.359944,1564528,43,0.00,,,,,,,,,,
Myanmar,MMR,2002,46232609,6110632858,1661.7358,,,4.346933,1234768,47,0.00,,,,,,,,,,
Myanmar,MMR,2003,46667140,7754647428,1874.1713,,,4.4436107,601117,45.1,0.02,,,,,,,,,,
Myanmar,MMR,2004,47068726,9390855298,2110.2373,,,4.730941,728923,46.2,0.02,,,,,,,,,,
Myanmar,MMR,2005,47438305,10588433069,2377.9026,,,5.090283,586426,47.3,0.07,,,,,,,,,,
Myanmar,MMR,2006,47785085,11863016315,2669.327,,,5.5929766,952367,48.4,0.18,,,,,,,,,,
Myanmar,MMR,2007,48124993,15591182545,2968.3032,,,5.696315,820502,49.5,0.22,,,,,,,,,,
Myanmar,MMR,2008,48390740,23013015832,3254.739,,,5.440778,648528,50.6,0.22,,,,,,,,,,
Myanmar,MMR,2009,48660408,29455165595,3578.1743,,,5.129915,608224,51.8,0.22,,,,,,,,,,
Myanmar,MMR,2010,49024326,37796052939,3893.7903,8873436,,5.003131,1231104,48.8,0.25,,,,,,,,,,
Myanmar,MMR,2011,49419777,54118601975,4078.6123,8127869,,4.8236933,1663456,54.1,0.98,,,,,,,,,,
Myanmar,MMR,2012,49837398,58318677645,4340.9995,9053439,,4.575553,1703760,55.3,1.40,,,,,,,,,,
Myanmar,MMR,2013,50262613,60572257122,4666.9536,11436328,,4.5315666,1143168,56.5,1.80,,,,,,,,,,
Myanmar,MMR,2014,50681584,63264892768,5006.507,11451861,,4.5400443,1157824,52,7.40,,,,,,,,,,
Myanmar,MMR,2015,51089005,63045306514,5313.886,11431792,,4.6819525,926992,60.5,10.90,,,,,,,,,,
Myanmar,MMR,2016,51495657,60291738935,5580.9897,11672717,,4.686292,1124848,55.6,16.00,,,,,,,,,,
Myanmar,MMR,2017,51894886,61449391917,5877.8745,13877953,,4.699985,1553536,69.8,23.62,,,,,,,,,,
Myanmar,MMR,2018,52272203,67144726168,6201.263,16702159,,4.1668425,3249968,66.1,33.72,,,,,,,,,,
Myanmar,MMR,2019,52640679,68697761477,6562.989,18117605,,4.0171003,3931900,68.3,48.14,,,,,,,,,,
Myanmar,MMR,2020,53016472,78930259069,5926.8345,16949755,,3.9995718,4323977,70.4,41.95,,,,,,,,,,
Myanmar,MMR,2021,53387059,65124769602,5178.4473,15153408,,3.8087084,3195008,72.5,44.02,,,,,,,,,,
Myanmar,MMR,2022,53756739,59364362541,5350.4766,17084513,,3.7380013,3321788,73.7,,,,,,,,,,,
Philippines,PHL,2000,79625353,83669788255,4740.439,,85.153366,2.248501,15847602,74.7,1.98,,,,,,,,,,
Philippines,PHL,2001,81401443,78921234458,4778.401,,84.90039,2.1606913,16183887,75.7,2.52,,,,,,,,,,
Philippines,PHL,2002,83068839,84307346432,4856.4995,,83.8448,2.3901193,14102736,76.7,4.33,,,,,,,,,,
Philippines,PHL,2003,84731786,87039092439,5003.3833,,87.574646,2.654093,14677984,76.6,4.86,,,,,,,,,,
Philippines,PHL,2004,86394464,95002000250,5229.4507,,87.12528,2.3047965,15953056,87.6,5.24,,,,,,,,,,
Philippines,PHL,2005,88015905,1.07E+11,5386.8164,41254683,83.84567,2.6933975,18631440,79.8,5.40,,,,,,,,,,
Philippines,PHL,2006,89508940,1.28E+11,5578.5723,47410117,80.85054,2.6194184,17509292,80.2,5.74,,,,,,,,,,
Philippines,PHL,2007,91075139,1.56E+11,5840.068,50465711,73.64498,2.7882802,21536992,82,5.97,,,,,,,,,,
Philippines,PHL,2008,92699045,1.82E+11,5987.0376,49077540,67.68107,2.630344,25105728,83.3,6.22,,,,,,,,,,
Philippines,PHL,2009,94384204,1.76E+11,5965.307,38435802,60.88659,2.4037075,23962560,84.3,9.00,,,,,,,,,,
Philippines,PHL,2010,96337064,2.08E+11,6273.039,51497515,66.10428,2.6566458,27768230,85.5,25.00,,,,,,,,,,
Philippines,PHL,2011,98248571,2.34E+11,6388.313,48042129,60.795837,2.6597629,30521120,87.2,29.00,,,,,,,,,,
Philippines,PHL,2012,100175459,2.62E+11,6697.556,51995224,57.842007,2.4430127,31933082,87.1,30.80,,,,,,,,,,
Philippines,PHL,2013,102076299,2.84E+11,7016.5386,56697803,55.82478,2.4434698,39508910,87.5,32.70,,,,,,,,,,
Philippines,PHL,2014,103767082,2.97E+11,7340.362,61809755,57.468174,2.401206,42031884,89.8,34.70,,,,,,,,,,
Philippines,PHL,2015,105312935,3.06E+11,7691.763,58648378,59.141594,2.379606,45821984,89.1,36.90,,,,,,,,,,
Philippines,PHL,2016,106735664,3.19E+11,8131.825,56312889,61.776066,2.4139693,50682580,92,39.20,,,,,,,,,,
Philippines,PHL,2017,108119646,3.28E+11,8584.136,63233344,68.16837,2.5019352,60928656,93,41.60,,,,,,,,,,
Philippines,PHL,2018,109465234,3.47E+11,9016.286,67487925,72.1634,2.4714622,64171296,94.2,44.10,,,,,,,,,,
Philippines,PHL,2019,110804629,3.77E+11,9452.294,70334023,68.84184,2.4573967,68894190,95.3,43.03,,,,,,,,,,
Philippines,PHL,2020,112081229,3.62E+11,8455.185,63879430,58.16956,2.326942,69302630,96.4,53.76,,,,,,,,,,
Philippines,PHL,2021,113100906,3.94E+11,8857.79,74619723,63.48461,2.3824356,74707240,97.5,63.40,,,,,,,,,,
Philippines,PHL,2022,113964291,4.04E+11,9457.104,78929719,72.42968,2.4153476,75344696,94.8,75.21,,,,,,,,,,
Singapore,SGP,2000,4035193,96076521349,68019.53,,364.36453,11.871851,51300,100,36.00,,,,,,,,,,
Singapore,SGP,2001,4116123,89793815728,65500.312,,349.2921,12.175979,51300,100,41.67,,,,,,,,,,
Singapore,SGP,2002,4146847,92538355643,67451.72,,349.746,10.735592,51300,100,47.00,,,,,,,,,,
Singapore,SGP,2003,4138194,97646382413,71567.13,,377.21857,10.72149,32976,100,53.84,,,,,,,,,,
Singapore,SGP,2004,4172716,1.15E+11,77702.016,,401.5237,11.061713,40307,100,62.00,,,,,,,,,,
Singapore,SGP,2005,4268321,1.28E+11,81487.73,230343507,420.4305,10.477316,43964,100,61.00,,,,,,,,,,
Singapore,SGP,2006,4407007,1.49E+11,86090.44,273382013,425.3634,10.401184,29312,100,59.00,,,,,,,,,,
Singapore,SGP,2007,4596463,1.81E+11,90027.34,301594913,394.28848,10.120611,51296,100,69.90,,,,,,,,,,
Singapore,SGP,2008,4806683,1.94E+11,86952.46,341079321,437.32672,9.413214,32976,100,69.00,,,,,,,,,,
Singapore,SGP,2009,4968522,1.94E+11,84477.125,271079918,358.1928,9.1967535,29312,100,69.00,,,,,,,,,,
Singapore,SGP,2010,5076973,2.40E+11,95043.96,352553383,369.68555,9.936487,51300,100,71.00,,,,,,,,,,
Singapore,SGP,2011,5182186,2.79E+11,98867.945,416234571,379.09863,10.237303,32980,100,71.00,,,,,,,,,,
Singapore,SGP,2012,5293298,2.95E+11,100750.85,408536162,369.21295,9.856263,109912,100,72.00,,,,,,,,,,
Singapore,SGP,2013,5385542,3.08E+11,103908.36,410359160,367.04178,9.982303,1135840,100,80.90,,,,,,,,,,
Singapore,SGP,2014,5457856,3.15E+11,106604.49,409620054,360.46732,10.031508,1678112,100,79.03,,,,,,,,,,
Singapore,SGP,2015,5525299,3.08E+11,108483.21,346641061,329.4714,10.25555,1751392,100,79.01,,,,,,,,,,
Singapore,SGP,2016,5577892,3.19E+11,110927.695,329854222,303.2226,10.061289,1832000,100,84.45,,,,,,,,,,
Singapore,SGP,2017,5604041,3.43E+11,115831.11,373055543,317.0319,10.30099,3865520,100,84.45,,,,,,,,,,
Singapore,SGP,2018,5634310,3.77E+11,119343.15,412077471,326.72336,10.301163,2055504.1,100,88.17,,,,,,,,,,
Singapore,SGP,2019,5669500,3.77E+11,119572.27,390386234,323.07043,10.039991,1971232,100,88.95,,,,,,,,,,
Singapore,SGP,2020,5620104,3.48E+11,115304.15,373909153,331.69052,9.683435,1865061,100,92.00,,,,,,,,,,
Singapore,SGP,2021,5546240,4.24E+11,131864.1,457749966,329.78497,10.431948,1996970,100,96.92,,,,,,,,,,
Singapore,SGP,2022,5649833,4.67E+11,132468.94,515077895,332.98138,9.833245,1784408,100,95.95,,,,,,,,,,
Thailand,THA,2000,63007767,1.26E+11,11622.111,,121.29796,5.2134056,33099590,82.1,3.69,,,,,,,,,,
Thailand,THA,2001,63651090,1.20E+11,11900.895,,120.26797,5.2863674,36809860,90.4,5.56,,,,,,,,,,
Thailand,THA,2002,64266381,1.34E+11,12511.738,,114.96974,5.4449997,39243670,91,7.53,,,,,,,,,,
Thailand,THA,2003,64868110,1.52E+11,13286.832,,116.69282,5.6186314,39903270,91.6,9.30,,,,,,,,,,
Thailand,THA,2004,65451997,1.73E+11,13996.504,,127.41187,5.86044,44762740,92.2,10.68,,,,,,,,,,
Thailand,THA,2005,66017363,1.89E+11,14457.741,110110034,137.85387,5.978884,48332650,92.8,15.03,,,,,,,,,,
Thailand,THA,2006,66567647,2.22E+11,15050.525,130580046,134.08694,6.0020957,51313092,99.1,17.16,,,,,,,,,,
Thailand,THA,2007,67102346,2.63E+11,15742.096,153571126,129.87323,6.456029,57803000,94.1,20.03,,,,,,,,,,
Thailand,THA,2008,67619781,2.91E+11,15891.217,177667390,140.43701,6.3636546,62250800,94.8,18.20,,,,,,,,,,
Thailand,THA,2009,68121030,2.82E+11,15665.346,152497203,119.26942,6.4469104,62403380,99,20.10,,,,,,,,,,
Thailand,THA,2010,68579392,3.41E+11,16729.775,195311520,127.25053,6.829419,64008430,99.7,22.40,,,,,,,,,,
Thailand,THA,2011,69007158,3.71E+11,16765.752,228823973,139.6754,6.7012405,65349670,99.3,23.67,,,,,,,,,,
Thailand,THA,2012,69436048,3.98E+11,17869.002,229544513,137.67494,6.7761106,68154790,99.1,26.46,,,,,,,,,,
Thailand,THA,2013,69845062,4.20E+11,18241.777,228527440,132.46228,6.7031217,67148730,99.4,28.94,,,,,,,,,,
Thailand,THA,2014,70216319,4.07E+11,18323.963,227572764,130.9055,6.7620206,73793780,99.5,34.89,,,,,,,,,,
Thailand,THA,2015,70540737,4.01E+11,18811.328,211178474,124.83966,6.507843,72142490,99.6,39.32,,,,,,,,,,
Thailand,THA,2016,70859797,4.13E+11,19369.92,213558947,120.575226,6.519452,73600140,99.9,47.51,,,,,,,,,,
Thailand,THA,2017,71160146,4.56E+11,20093.963,235871371,120.891426,6.3866487,73823980,99.9,52.89,,,,,,,,,,
Thailand,THA,2018,71376039,5.07E+11,20879.16,249921314,120.841866,6.2980924,78564264,99.8,56.82,,,,,,,,,,
Thailand,THA,2019,71522216,5.44E+11,21277.082,245380465,109.689514,6.0895514,70060380,99.9,66.65,,,,,,,,,,
Thailand,THA,2020,71641437,5.00E+11,19956.547,229277734,97.80074,5.937773,74799200,100,77.84,,,,,,,,,,
Thailand,THA,2021,71727293,5.06E+11,20245.242,267492416,117.1445,5.870385,76647530,100,85.27,,,,,,,,,,
Thailand,THA,2022,71735273,4.95E+11,20741.523,284106705,132.85638,5.942964,69809370,99.9,87.98,,,,,,,,,,
Vietnam,VNM,2000,77153969,31172518403,4349.2236,,111.41709,4.1804914,20716256,88.2,0.25,,,,,,,,,,
Vietnam,VNM,2001,77969304,32685198809,4570.2686,,111.95594,3.4673104,24951840,88.9,1.27,,,,,,,,,,
Vietnam,VNM,2002,78772174,35064105501,4809.6216,,116.69687,3.3622575,27489548,89.1,1.86,,,,,,,,,,
Vietnam,VNM,2003,79563721,39552513231,5090.29,,124.32796,3.5784516,31974216,90.3,3.78,,,,,,,,,,
Vietnam,VNM,2004,80338926,45427854693,5421.097,,133.0165,3.799046,34791910,91,7.64,,,,,,,,,,
Vietnam,VNM,2005,81088259,57633255739,5776.3633,32447129,130.71484,3.5790765,39457616,96.1,12.74,,,,,,,,,,
Vietnam,VNM,2006,82167850,66371664817,6098.245,39826223,138.31363,3.4410636,42744224,96,17.25,,,,,,,,,,
Vietnam,VNM,2007,83633326,77414425532,6418.544,48561343,154.60538,3.581392,36462820,93.1,20.76,,,,,,,,,,
Vietnam,VNM,2008,85175740,99130304099,6659.1357,62685130,154.31747,3.6090193,43641904,93.8,23.92,,,,,,,,,,
Vietnam,VNM,2009,86459976,1.06E+11,6914.339,57096274,134.70631,4.2084284,45488560,96.1,26.55,,,,,,,,,,
Vietnam,VNM,2010,87455095,1.47E+11,7274.733,72236665,113.977684,3.9829028,47463456,97.4,30.65,,,,,,,,,,
Vietnam,VNM,2011,88468266,1.73E+11,7652.619,96905674,125.260574,3.9939363,59547330,99,35.07,,,,,,,,,,
Vietnam,VNM,2012,89510294,1.96E+11,7979.868,114529171,123.22411,3.8486576,52307264,97.9,36.80,,,,,,,,,,
Vietnam,VNM,2013,90573054,2.14E+11,8324.198,132032854,130.84636,4.0185,56541416,98.5,38.50,,,,,,,,,,
Vietnam,VNM,2014,91679537,2.33E+11,8751.883,150217139,135.41052,5.7395873,78072510,99.2,41.00,,,,,,,,,,
Vietnam,VNM,2015,92823207,2.39E+11,9248.024,162016742,144.91423,5.2785454,97817810,99.3,45.00,,,,,,,,,,
Vietnam,VNM,2016,94000065,2.57E+11,9743.188,176580787,145.40952,4.979509,106855064,99.2,53.00,,,,,,,,,,
Vietnam,VNM,2017,95176934,2.81E+11,10290.549,215118607,160.98009,4.8033385,108219900,100,58.14,,,,,,,,,,
Vietnam,VNM,2018,96237273,3.10E+11,10936.894,243698698,164.66394,4.889698,122121120,100,69.85,,,,,,,,,,
Vietnam,VNM,2019,97173733,3.34E+11,11628.614,264610323,164.70421,5.5980196,191442510,99.4,68.66,,,,,,,,,,
Vietnam,VNM,2020,98079150,3.47E+11,11851.396,281441457,163.24586,5.7187734,215816930,99.8,70.30,,,,,,,,,,
Vietnam,VNM,2021,98935054,3.66E+11,12048.902,335792598,186.67583,5.2264323,172394860,100,74.21,,,,,,,,,,
Vietnam,VNM,2022,99680606,4.09E+11,12930.256,370909157,183.78954,5.0219417,157180860,100,78.59,,,,,,,,,,
